name,latitude,longitude
Jugendzeltplatz Paulsteiner,47.6428518,10.5690821
Mini Hof Sommer,47.6767997,10.3159304
Allgäuer Hof,47.6530286,10.5738922
Umweltstation Unterallgäu,47.8540492,10.1464684
Donaucamping Eichwaldstuben,48.5690399,10.5019808
Zeltplatz Rücklenmühle,48.3838196,10.579891
Naturfreundehaus,48.4441322,10.2997279
Camping Gutshof Donauried,48.4873461,10.2564066
Jugendzeltplatz Tapfheim,48.6689242,10.699726
Jugendzeltlagerplatz am Michelsberg,48.7371164,10.5603825
Pfetzendorfer Weiher,49.3225381,10.369212
Camping Aumühle,49.0200949,10.6058031
Dekanatsjugendzeltplatz am Weisachsee,49.6710123,10.6295624
"Radstein / Taubensee, Oberschwarzach",49.857023,10.454092
"Klinge, Winkelhof",49.795203,10.534175
"Pfaffenwiese, Burgwindheim",49.80613,10.61474
Aussteller-Camp,50.1910122,10.1246347
Jugendzeltplatz Reutersbrunn,50.067839,10.7500309
DJK Schweinfurt,50.0456672,10.2466192
Jugendzeltplatz Schweinshaupten,50.1834697,10.5779484
Hütte Egenhausen,50.039584,10.0989036
Schmittnhof,49.9633064,10.4559659
"Laubwiese, Zell",49.9699467,10.5916897
"Katzentännig, Hundelshausen",49.913375,10.464478
"Geusfeld, Rauhenebrach",49.881722,10.502758
"Friedlein, Dankenfeld",49.89822,10.68609
"Steinknuck, Neuschleichach",49.9221947,10.5683522
"Hainach, Oberschwappach",49.961233,10.534279
Weidberg Camping,50.6047179,10.0844032
Weihersmühle,50.5249431,10.125746
Biwakplatz Werra-Kanu,51.0487733,10.2495466
Campingplatz Altenburschla,51.1502511,10.1730789
Biwakplatz Heldra,51.1256836,10.1955586
Biwak-Station Küllstedter Grund,51.2757999,10.2520886
Campingpark Wiesenbeker Teich,51.6169909,10.4904787
Jugendzeltplatz Brunnenbachsmühle,51.6987046,10.6243844
Am Krähenberg,51.9009835,10.3278282
Campingplatz am Strandbad Knesebeck,52.6711118,10.6918839
Campground,52.5933837,10.4973109
Campingplatz Aljarn,53.1683387,10.6180499
"Elbtalcamping ""Mutter Grün""",53.2365289,10.8491532
"Campingplatz ""Elbstrand""",53.3663924,10.5480911
Freizeitplatz,53.3941499,10.7384962
Waldkorb,53.5325435,10.3550504
Waldkorb 2,53.5332744,10.3513634
TrekkingplatzBröthen,53.4767551,10.6648611
Erlebniswald Trappenkamp,54.0238952,10.2376005
Trekkingplatz Kasseedorf,54.1564647,10.7185742
Trekkingplatz Mönchneversdorf,54.2156741,10.7234875
"Trekkingplatz ""Lueg"" ins Land",54.098456,10.5186689
Trekkingplatz Ahrensbök,53.9766819,10.5610348
Trekkingplatz Alte Schule / Kulturstern Kleinmeinsdorf e.V.,54.12892,10.50052
Jugendgruppenzeltplatz Falkenhorst,54.41047,10.1879493
Trekkingplatz Hessenstein,54.3066007,10.5628019
Camping am Deich,54.5264364,11.1176246
Trekkingplatz Gruber See,54.2415719,11.0338897
Storchenhof Ciconia,53.7483503,11.0359427
Am Wiesengrund,53.1955228,11.3413459
Zeltwiese Gasthaus Wiese,53.0301571,11.3081623
Wasserwanderrastplatz Finds hier,53.1787338,11.2997047
Wasserwanderzentrum,53.1411501,11.2597791
Green Camping,53.0276702,11.1246075
Camping Bankerhof,53.1916553,11.0011037
Campground OFCK,53.2251512,11.3523041
Hütten-Hotel-Elbhöhe,53.0709251,11.4124374
einfachlosmachen,52.9931171,11.5729558
Sunshine Camp Apenburg,52.7055123,11.1963032
Waldbad und Campingplatz Dähre,52.7939261,10.8852887
Zeltplatz,52.6902389,11.1418357
Domäne Stiege,51.6802972,10.8776672
Campingplatz Grosser Schachtsee,51.9549806,11.4679062
Biwakplatz Memleben,51.2670742,11.4832694
Campingplatz Am Waldbad,51.5371826,11.3114159
Campingplatz Ettersburg,51.0356441,11.287423
Sport- und Freizeitzentrum Uhlstädt,50.7389047,11.4637
Campingwiese Kanu-Club Sömmerda,51.1578889,11.1104986
Pfadfinderzentrum Schleifenberghütte,50.3821368,11.1813514
Wohnmobil-Stellplatz Camping am Werra Radweg,50.4060066,10.8796945
Trekkingplatz FRANKENWALD Kobach,50.4772296,11.3094638
Waldcamp,50.5105863,11.3385554
Bamberger Faltboot-Club,49.9035154,10.8736851
Zeltplatz Callenberg,50.2798239,10.923347
Schloss Oberau,50.1102149,10.9753739
Campingplatz des Segelflug Club Lauf e.V.,49.6026056,11.2809351
Zeltplatz der Kolpingsfamilie Münchberg,49.7730088,11.3745133
Jugendzeltplatz am Pavillon,49.8620721,11.1829729
Zeltwiese Gasthaus Kroder,49.7077744,11.1540015
Mandlachsee (Kreisjugendring Aichach Friedberg),48.5536808,11.0690092
Jugendfreizeitgelände Lindenbichl,47.6925808,11.1653382
Mangmühlenzeltplatz,47.6506275,10.7373737
"NFP - Natur- und Ferienpark ""Am Groß Labenzer See""",53.7890191,11.7485738
Hotel & Restaurant Dreiwasser,53.7166145,11.8337763
Campingoase Waldsee,53.590225,12.2127412
Lewitzcamp Garwitz,53.4518031,11.7109997
Campingplatz Klein Pritz,53.6405555,11.9462614
Campingplatz Roter See,53.7190566,11.7271833
Camping Sternberger Seenland,53.7131637,11.8099247
Kanu-Camp Hennig,53.7368779,11.8346139
Friedensteich,53.0045903,11.7328028
Campinggelegenheit am Sportboothafen Wittenberge (Sportbootanger Nedwighafen),52.9907045,11.7431486
Waldbad-Campingplatz-Wischer,52.6377576,11.9509177
Wohnwagen-Camping und Ferienhaussielung Kamern,52.7527335,12.1079846
Campingplatz Seeblick (Seeperle Kamern),52.7515906,12.1071263
"Campingplatz ""Am Kamernschen See""",52.7451384,12.1011021
"Campingplatz ""Am Freibad""",52.8625912,11.9620511
Radfahrer-Zeltplatz,52.5376398,11.971022
Biwak Parey,52.6732985,12.2385121
Biwakplatz Grütz,52.6617182,12.2817418
Campingwiese vom Hafen,52.7532658,12.2019878
"Campingplatz ""Kolumbussee""",52.0573099,11.8196433
"Campinggelegenheit an der Pension ""Zum Deich""",52.265905,11.7547243
Campingplatz Fischereibetrieb Riedel,52.372342,11.9433338
Seesportverein Dessau e.V.,51.8563316,12.2204915
Junkers Paddelgemeinschaft,51.8563988,12.2216298
SSV Bau-Weiß Barby Campingmöglichkeit,51.9591797,11.90575
Seebad Edderitz,51.6931107,11.9225297
Zeltwiese am See,51.854329,12.1776983
Zeltwiese Löbejün,51.6310404,11.8972772
Campingplatz Kleinliebenau,51.3711278,12.1951806
Pappelgrund,51.4604193,11.8446096
Kanuverleih Nebra,51.2794576,11.6495553
Biwakplatz Reinsdorf,51.2934361,11.5961312
Freizeit- und Tourismusverein Balgstädt,51.2084114,11.7370594
Camping am Wald,51.1932341,11.8699568
Zeltwiese Bootshaus Bad Dürrenberg,51.2916216,12.0613171
Campingplatz Kanuverleih Nebra,51.2794571,11.6495523
Wohnmobile Schmidt,51.4514421,11.5421457
Korowka,51.3944571,12.0082759
Ferienland Crispendorf,50.5817457,11.7001518
Trekkingplatz FRANKENWALD Rehwiese,50.3221756,11.5574914
Trekkingplatz FRANKENWALD Leitschtal,50.321574,11.4563357
Naturistenbund Bayreuth e.V. (FKK-Gelände),49.9113505,11.6030475
Trekkingplatz FRANKENWALD Döbraberg,50.2767498,11.640366
Sonnenhof Regler,49.5609767,11.8882107
Jugendzeltplatz Grimmerthal,49.4604942,12.0481561
Pfadfinderzentrum Neumarkt i.d.OPf.,49.2727796,11.4842464
7 Täler Campingplatz,49.0356361,11.5455461
Fahrradgarten,49.0032426,11.4529048
Zeltplatz KJR Eschelbach,48.5803635,11.5799339
Jugendzeltplatz Mittermarchenbach,48.4759247,11.8237914
The Tent,48.1684134,11.5021082
Hausler-Hof,48.2903265,11.720835
Walchenseecamp,47.5739669,11.3622046
Camperstellplatz Negast,54.2519777,13.0195115
Wasserwanderrastplatz Pantlitz,54.2213561,12.5448415
Wasserwanderrastplatz Daskow,54.2335703,12.5258354
Wasserwanderrastplatz Hafen Dabitz,54.3615139,12.8062543
Naturcamping Saal,54.3127724,12.480539
Wasserwanderrastplatz Zeitlow,53.9543359,13.1092821
Städtischer Camping-Platz Loitz,53.9703579,13.1363193
Wasserwanderrastplatz Tessin,54.0252093,12.4722226
Eixener See,54.1707467,12.7278166
Useriner Mühle,53.3224255,12.9680096
Alte Fahrt,53.3711555,12.7777888
Altes Verwalterhaus,53.5916051,13.0458515
Kanu-Hecht,53.4268802,12.9320068
Pension Fischerhaus,53.3598349,12.9377901
Kanumühle Wesenberg,53.2797442,12.9844894
Am Rottstielfließ,53.0184492,12.8131045
Zeltplatz & Pfahlhauscamp Wesenberg,53.2760438,12.9868974
Kanufarm am Heegesee,53.2423876,12.9513108
Camping Königsberger See,53.0539196,12.4382497
Biwakplatz Insel Werder,52.9762957,12.9555053
Wasserwanderrastplatz,53.1622831,12.8695305
Wasserwanderrastplatz Wesenberg,53.2804265,12.9745504
Biber Ferienhof,53.2071995,12.8599942
Biwakplatz Milow,52.5232577,12.3088696
Campingplatz Lutze 1 PWCV e.V.,52.4580771,12.4280463
Wasserwanderrastplatz Strandbad Ketzin,52.4706844,12.8445196
Wasserwanderrastplatz Zachow,52.4778305,12.7914092
Wasserwanderrastplatz Lilienweg,52.4841082,12.8229278
Wasserwanderrastplatz Havelpromenade,52.4744218,12.8399706
Biwakplatz Mögelin,52.5554253,12.3195436
Biwakplatz Bahnitz,52.4969643,12.4027455
Rastplatz für Kanuten (Premnitz),52.5247332,12.3410816
Wasserwanderstützpunkt Rathenow Wassersportverein,52.6014341,12.3254098
Natur- und Kulturcamp Treibgut,52.4438016,13.0149619
Sternencamp Rübehorst,52.7922833,12.3250402
Hafen Linum,52.7671416,12.8763108
"Pension & Campingplatz ""Gartenidylle""",52.1578096,12.923646
Camping & Caravan,52.3312009,12.9338179
Wassersportgemeinschaft Wittenberg 1962 e. V. (Campingmöglichkeit),51.8618237,12.6591619
Zeltplatz Königsee,51.7525047,12.5692347
"Kanuverein ""Harmonie"" Elster/Elbe",51.827599,12.8198432
Ruderclub Wittenberg (Campinggelegenheit),51.8633944,12.6675546
Auf der Tenne,51.7602129,12.828185
"Ferienpark Thümmlitzsee (""Thümmlitz Erholung"")",51.1918062,12.800036
Freizeit- und Erholungszentrum Eilenburg,51.4714964,12.6796536
Bootshaus Burghausen,51.3572043,12.2567997
Waldcamping Erzgebirgsbad Thalheim,50.709093,12.8442192
Surfclub Sachsen e.V.,51.112375,12.4681272
Gutshof TDA-Lohma,50.9548266,12.5432156
Campingplatz Platzermühle,49.9705422,12.4447932
Campingplatz Waldbadeweiher,49.9116515,12.1445534
Schätzlerbad,49.7083373,12.1425365
Campingplatz - Birkholmhof Urlaub & Natur,49.8158242,12.3907646
Campingplatz Waldkraft,49.5564738,12.2782531
Petrushütte,49.7653276,12.4107148
Jugendzeltplatz,49.250727,12.4977588
Zeltplatz Roding,49.1989718,12.5137558
Zeltplatz Regensburger Kanu-Club e.V.,49.0293998,12.0705239
Zeltplatz Ramspau,49.1570857,12.1458146
Zeltplatz Marienthal,49.2228869,12.1765258
Burgstall Auburg,49.0053254,12.3157523
Jugendzeltplatz Mamming,48.6570665,12.610648
Camping Oberhofer,48.0275474,12.5980353
Trauntal Camping,47.7959449,12.6413453
Campingoase Boddenblick,54.5435788,13.5219006
Landgut Dargast,54.531568,13.6106155
Wasserwanderrastplatz Gützkow,53.924477,13.4134227
Wasserwanderrastplatz Alt Plestlin,53.9612071,13.2258113
Wasserwanderrastplatz Kamp,53.8427681,13.8489091
Villa-Eden-Peene,53.9222971,13.4238389
Campingplatz Grams,53.9506366,13.8469908
PeeneCamp Wolgast,54.0415874,13.7693462
Wietstocker ∆ Weitblick,53.7126808,13.7816745
Biwakplatz am Burggarten Klempenow,53.7899819,13.3111454
Radler Treff,53.5564335,13.6716373
Campinghof am Grünen Baum,53.3326111,13.1193651
Wasserwander-Rastplatz,53.1857508,13.1434335
Ferienpark Üdersee,52.8569323,13.6654184
Biwakplatz Küstrinchen,53.2216507,13.3772633
Campingplatz Freihafen Mildenberg,53.0070678,13.3218997
"Campingplatz ""Tiefer Bugsinsee""",52.9447086,13.7886537
Gästehaus Ahlimbsmühle,53.0737834,13.6211978
Biwak Regowschleuse,53.1293267,13.2974354
Zeltplatz Zehdenicker Wasserturm,52.9637782,13.3416697
Biwakplatz Kannenburg,53.0745885,13.3927685
Kanustation Decker am Röddelinsee,53.1003552,13.4465455
Biwakplatz Gestüt Lindenhof,53.1492071,13.4792247
Biwakplatz Strandbad Lychen,53.2066895,13.3010052
Biwakplatz Bredereiche,53.137496,13.24126
Biwakplatz Schleuse Kannenburg,53.0745692,13.391038
Kolbatzer Mühle,53.2419931,13.393251
Bürgerablage,52.5825389,13.2118744
Familiencamping Ruhlesee,52.8195136,13.5826888
Schönmacher Camping,52.8110708,13.5014207
FKK Campingplatz Mittelprendener See,52.8043081,13.5796451
Refugee campus,52.5477111,13.5108675
Kinder- u. Jugenddorf Rankenheim,52.1652387,13.6347281
"Fahrradverleih Daske , Zelt - und Wohnmobilstellplatz",52.1339084,13.3759713
Campingplatz Jugendherberge,52.1694492,13.6822246
Riesaer Wassersportverein,51.305935,13.3099392
Ruderverein Mühlberg,51.4324424,13.2098256
Marinekameradschaft Riesa,51.3064072,13.3216465
Campingmöglichkeit im Sportboothafen,51.4768777,13.1366188
Campingplatz im O-Schatz-Park,51.2916289,13.1056102
Europäisches Jugendcamp,51.2911819,13.1063586
Barth-Mühle,51.1295092,13.435644
Raststation & Yachthafen Mühlberg,51.4339278,13.2093286
Fahrerlager,50.8385132,13.4425947
Hammerwek - Zeltplatz,50.5242695,13.1335274
Natur Camping,50.6611223,13.235333
ERZ.IDYLL Warmbad,50.6651118,13.07725
Campingplatz Waldesruh,49.2999237,12.7764715
Campingplatz Waldhof,49.023422,13.1576021
Campingplatz Meierhof,48.7143493,13.0509741
Biohof Reinhardt,48.6193192,13.1960609
Zurück_zur_Natur,48.8464094,13.1880926
Zurück_zur_Natur,48.8461869,13.1864232
Camping auf dem Bauernhof,47.8918485,12.7746317
Frechn Hof - Ferienhof Schauer,47.9221985,12.9133612
Naturcamping auf dem bauernhof,47.9435681,12.8218685
Campingplatz Kamminke,53.8723851,14.1987533
WasserWanderRastplatz Kunstgarten Pasewalk,53.5062462,13.9811262
Zaubermondhof Camp,53.521289,14.3012613
Fennhof,53.6612437,14.2346186
"Wasserwanderrastplatz ""An den Baumzwillingen"" Prenzlau",53.3280951,13.8528435
Hafen Eggesin,53.6821573,14.070131
Campingplatz am Sassenpfuhl e.V.,52.951672,13.8394005
Campingplatz StroamCamp,53.0570403,14.2979263
Marina Oderberg,52.8638091,14.070615
Wasserwanderplatz Hangelsberg,52.3958488,13.9179593
Naturerlebnishof Uferloos,52.6771584,14.4359476
Gasthof zum Hafen,52.6740643,14.4417298
Camp der Wildnisschule Waldschrat,52.479772,14.0174455
Country Camping Berlin,52.680019,13.8506123
Camping Friedenstal,52.5126234,14.4340505
Abenteuerzeltplatz,52.260369,13.805331
Spreepark – Camping und Caravan,52.1638532,14.2401852
Wasserwanderrastplatz Kummerow,52.1393536,14.2222071
Wasserwanderrastplatz Wolzig,52.2722873,13.8247856
Biwakplatz Neubrück,52.2711047,14.2736999
Biwak Neuendorf,52.1051099,13.9023688
Wasserwanderrastplatz Petkamsberg,52.0061933,13.8753187
Ruderclub Fürstenwalde,52.3615644,14.0545778
Wasserwanderplatz Kossenblatt,52.1108224,14.0663481
Wasserwanderrastplatz Schlepzig,52.0286265,13.8866463
Wasserwanderrastplatz,52.3831336,13.8924172
Wasserwanderrastplatz Berkenbrück,52.34763,14.1491353
Wasserwanderrastplatz Große Tränke,52.3683543,13.992052
Wasserwanderrastplatz Diensdorf,52.249834,14.0689803
Wasserwanderrastplatz Alt-Schadow,52.1186783,13.9527337
Wasserwanderrastplatz Trebatsch,52.0866412,14.1601192
Campingplatz Jessern,52.0139952,14.1936734
Micha's Race Camp,51.5450029,13.9246802
Campotel am Lausitzring,51.5232875,13.9622119
Wasserwanderrastplatz Spreewaldhof,51.8574123,14.0388744
Campingplatz Waldbad Bornsdorf und Waldrestaurant,51.7817566,13.7095113
Biwak-Platz Burg-Kolonie 1,51.8316552,14.0757681
Biwakplatz Burg-Kauper 2,51.8634891,14.0834965
Biwakplatz Burg-Kauper 1,51.8621595,14.1169428
Zeltplatz der DJH Lübben,51.9285751,13.9109986
Biwakplatz Burg-Kolonie 3,51.8516452,14.0945153
raus und gut,51.6892458,14.1137987
Camp Casel,51.6890177,14.1217039
Bootshaus SSV Planeta,51.1038901,13.6242615
Jugendzeltplatz Bischheim Wiesengrund,51.2353467,14.026712
Hafencamp,51.4904265,14.0365316
Campingplatz Waldbad,51.3670711,14.0350255
Jugendcamp,51.4596395,14.0196681
Camping im Tauchcenter Steina,51.2052888,14.0611861
Levihus Camp,51.0991579,13.9530631
Naturcamping Brettmühlenteich,51.2524546,13.7523971
Waldteichfreunde,51.1438416,13.7188861
Camping Endler,50.9828983,14.2308909
"Campinggelegenheit im Dresdner Segel-Verein, Pillnitzer Insel 1928 e.V.",51.005032,13.86725
Campinggelegenheit an der Ochelbaude,50.9425999,14.1407804
Campingwiese des Samana-Seminar-Haus & Osho-Platz,50.8183661,13.6630872
Camp Bahra,50.8644452,13.9995708
Campingwiese der Töpferei Schmiedeberg,50.8210468,13.666209
Spitzstein-Biwak,50.8795473,14.0854704
Zschirnstein-Biwak,50.8509344,14.1775614
Nikolsdorf-Biwak,50.9014552,14.0368792
Zehrborn-Biwak,50.8121709,14.0571797
Quirl-Biwak,50.9008138,14.0672032
Waldbad Polenz,51.0196081,14.1798708
Zeltplatz Passau,48.582134,13.4733139
Ferienhof Schiermaier,48.6483914,13.5519225
Jugendzeltplatz,48.8911272,13.4538561
Bikers Inn,52.4240649,14.5407192
Heidehof,52.5773898,14.5504159
Freizeit- und Campingpark Helene-See,52.2768129,14.5009314
Camping-Krüger,52.2303958,14.5936083
Campingplatz am Pinnower See,51.9642823,14.5319976
Rast- und Biwakplatz des Oderfluss-Charters Triebler,52.2651991,14.580246
FZZ Skerbersdorf,51.5011921,14.8136228
Camping - Gasthaus Sacro,51.7701329,14.6456544
Winkelcamp,51.5094236,14.7559127
Camp Keune,51.7183653,14.6660483
Erholungsgebiet Biehainer See'n (Camping Biehain),51.283969,14.9230544
Camping am Tonschacht,51.30149,14.8015897
Ferienhof Commerau,51.2911641,14.49991
Campingplatz Ruhlmühle,51.4748332,14.4740172
Tauchbasis Wetro,51.2912543,14.7626511
Spreecamp,51.4862039,14.4576371
Volksbadcamp,51.0017644,14.7193383
Camping und Erlebnisbauernhof Leubner,51.0059405,14.8277294
Camping am Dreiländereck,50.9210881,14.8651672
BRK Jugendzeltlagerplatz Lindau,47.5959196,9.7211198
Freizeitplatz Truilz,47.9639114,9.9284775
Waldjugendzeltplatz Adelmühle,47.8253241,9.5365725
Alti Besetzung,47.8110168,9.7613932
Lost,47.8103429,9.759695
Oberobacht,47.8106335,9.7609644
Wohnmobilstellplatz Bertsch-Lott,47.9510907,9.7586091
Zeltplatz Kanufahrer,48.3929849,9.9902062
Zeltplatz Heppenäcker,48.2251753,9.7045004
Zeltmöglichkeit,48.2312058,9.6760143
"Jugendzeltlagerplatz ""Am Berg""",48.2820647,9.5331308
Jugendzeltlager Platz Bärental,48.3849022,9.6369721
Jugendzeltplatz,48.2333505,9.4734405
Ulmer Paddler e.V. Zeltwiese,48.3909006,9.9883278
Waldjugendzeltplatz Häuptleswiese,48.9277765,9.6653843
Pfadfinderplatz Eislingen,48.7174584,9.715009
Campingplatz Rehnenmühle,48.8600786,9.8125138
Campingplatz Aichstruter Stausee,48.9024385,9.6366323
Sportjugendlager Karl-Hermann Müller,49.2411229,9.9634734
Jagstinsel Wörd,49.3075605,9.4625569
Öko-Ferienhof Retzbach,49.3173377,10.0300927
Jugendzeltplatz Tauberinsel,49.676903,9.6296873
Georgshof Schammann,49.4643501,9.9671423
Sauruh,50.071489,9.6872048
Zeltplatz,50.1790914,10.0639716
Trekking-Zeltplatz Rothenbuch II,49.9223008,9.444535
Trekking-Zeltplatz Rothenbuch I,49.9567789,9.4251895
Trekkingzeltplatz Jagdpfad,50.0442685,9.4864454
Steinwand,50.5242366,9.8652223
Camp ErNa (Erholung und Natur),50.4997264,9.951925
Zeltplatz Thomas-Morus-Haus,50.5775717,10.0231411
Campingwiese Hof Haennesse,50.6566964,9.5961365
Am Buchschirmhang,50.5718653,10.0220531
Haus der Jugend,51.150952,9.7917156
Im Schemmerfeld,51.1395254,9.8682308
Kanu Raststation Felsberg,51.1306757,9.432044
Campingplatz Bergwiese Thüringen,51.352822,10.0421901
Campingplatz am Bootshaus,51.4100779,9.6491611
BffL Kassel (FKK),51.2963487,9.5489496
Hofgut Stammen,51.5646128,9.4109434
Weser AktivHotel Corvey,51.7771361,9.4100544
Ith Campingplatz Capellenhagen,51.9737113,9.6479142
Mammut Camping,51.8741321,9.6482242
Diemelaue,51.6273268,9.4589388
Diözesanzentrum Hildesholz,52.097394,9.8976937
Campingplatz Tostedt,53.2848382,9.6847351
Campingplatz Lühesand,53.5962603,9.5834347
Lühesand Zeltplatz Hamburger Kanuvereine,53.5976334,9.5843884
HSN e.V.,53.6522138,10.0460484
Bootsmann Campingplatz,54.2152888,9.531791
Campingplatz Roland,53.9284708,9.889748
Übernachtungsplatz Olendieksau,54.1962683,9.9203839
Trekkingplatz Eidertal,54.1910455,10.0529945
Naturistenbund Itzehoe (FKK),53.8792004,9.5151524
Übernachtungsplatz Aukrug,54.059099,9.8190681
Pfadfinder Stamm St. Johannes Henstedt,53.7961847,10.0637383
Eiderhafen Lexfähre,54.218625,9.4358428
Trekkingplatz Barmstedt,53.8068026,9.7614732
Ferienplatz bei Matz,54.397367,9.7117209
Trekkingplatz Kolonistenhof,54.3652654,9.6807297
Trekkingplatz bei Kosel,54.5066758,9.7713733
Witten See,54.4010123,9.7666999
Übernachtungsplatz Winderatter See,54.7408,9.5881
Trekkingplatz Koppelheck,54.7551216,9.848087
Übernachtungsplatz Husby,54.7497377,9.5836454
Trekkingplatz Steinbergkirche,54.7429189,9.7467682
Johannihof,47.6856254,8.7761772
Camping Fließhorn / Seepark,47.7339551,9.173099
Jugendzeltplatz Nr. 11,48.0310138,8.9550646
Zeltplatz am Naturfreundehaus,48.1016078,9.0645681
Zeltplatz Bronnen,48.0301501,8.9610404
Zeltplatz Freizeitheim Schönbühl / Jugendzeltplatz Irndorf,48.0636082,8.965302
Pfarrer Bruno-Hettich Jugendcamp,47.9638772,8.7788091
lac de constance,47.8177602,9.0376031
Jugendzeltplatz an der Nagold,48.5644519,8.7224101
Jugendzeltplatz Monbachtal,48.8008409,8.7425287
Sonnenhof,48.8558772,9.2337816
Waldjugendzeltplatz Jungviehweide,48.6238905,9.1462458
Campingplatz des Naturfreundehauses,49.4183586,9.0293552
Campingplatz Freibad Neudenau,49.2874922,9.2962253
Crow River Tipi Camp,49.3065721,9.149361
Trekking-Camp Sonnenberg,49.4077621,9.2276037
Jugendzeltplatz Wald-Amorbach,49.8450389,9.02629
Campingplatz Mainwiese,49.7602984,9.1800743
Jugendzeltplatz Waldskopf,49.5422824,8.7697879
Jugendzeltplatz Itterhof,49.4828793,9.0146822
Trekking-Camp Waldschlössel,49.4629513,9.1360128
Campingplatz Kahl am Main,50.0656195,8.9912974
Jugendzeltplatz Wachenbachtal,49.9288253,9.1937404
Jugendzeltplatz - freiRaum Rosenberg,50.0000072,9.1300855
Trekkingzeltplatz Lahnwiese,50.0739105,9.3017364
Kinder- und Jugendferiendorf Ober-Seemen,50.441041,9.2414412
Ferienzentrum Albert Schweitzer,51.1721395,8.9385325
Camping Zur Fähre,51.1819321,9.0139135
Kanu Club Warburg,51.4885805,9.1657039
Jugendzeltplatz,51.3580247,8.7226083
"Campingplatz ""Seehof Knust""",51.3726061,8.7060914
Rhenequelle bei Schweinsbühl,51.304653,8.767307
Waldkante bei Wirmighausen,51.3475233,8.8118961
St. Muffert bei Heringhausen,51.371958,8.736014
Schutzhütte Stormbruch,51.350732,8.681391
Bockelau bei Eimelrod,51.3015729,8.7121564
Niegelscheid bei Ottlar,51.320842,8.701915
Trekkingplatz Läuseküppel,51.2552493,9.2636647
Trekkingplatz Firnsbachtal,51.2937337,9.3682519
Senneriffa,51.9288929,8.6789116
Campingplatz in der Gaußstraße 6a,52.1029165,8.6841886
WSC Porta,52.2045838,8.8578013
Camping am Weserangerbad,52.1927441,9.0861287
Bannsee,52.5085326,9.323863
Wassersportverein Verden e.V.,52.9125117,9.2288178
Hofbruhuus Heidhoff,52.7560355,8.9078683
Campingplatz Eikhöfe,53.0830009,9.1760389
Heidehof,53.1314663,9.1587513
Campingplatz Meyer,53.2668842,8.9198154
Silbersee,53.4927377,8.8100735
Trekkingplatz Gieselautal/Albersdorf,54.133201,9.2918046
Übernachtungsplatz Sankt Michaelisdonn,53.9716627,9.1367856
Übernachtungsplatz Kuden,53.9669843,9.202947
Hohner Fähre,54.2859441,9.3983914
Trekkingplatz Drage,54.3583008,9.1574022
Trekkingplatz Hattstedt,54.5118239,9.0344792
1nitetent Übernachtungsplatz 254,54.3526325,9.2100212
Nord-Ostsee Camp,54.5118465,9.3593846
Trekkingplatz Eiderstedt,54.4140447,9.0270771
Übernachtungsplatz Enge-Sande,54.7315217,8.974479
Übernachtungsplatz Süderlügum,54.860461,8.9530025
Gruppenunterkunft Kesselberghaus,48.1018003,8.2813379
Zeltlagerplatz Stöcklewald,48.0883517,8.249286
Trekking-Camp Göschweiler,47.8524874,8.3023237
Schwarzwald-Camp,47.8204517,8.1632028
Naturist Schwarzwald,48.0767488,8.5331714
Jugend-Zeltplatz Eschachtal,48.1368422,8.6104041
Trekking Bruderhof,47.8531979,8.4472242
Trekking-Camp Windberg,47.7660393,8.1448096
Trekking-Camp Steinbruch,47.8198844,8.065263
Trekking Stallegg,47.8565153,8.2915389
Schlafen im Stroh,47.8372146,8.501373
Trekking-Camp Elzhof,48.1226791,8.1895595
Trekking-Camp Königsfeld,48.1323565,8.4126143
Zum Katzenwinkel,48.0028788,8.3241217
Hilserhof,48.1526041,8.2659429
Trekking-Camp Loßburg,48.4208334,8.4226793
TrekkingCamp Himmelsterrassen,48.4197572,8.2361443
Trekking-Camp Herrenwald,48.1590665,8.1720629
Trekking-Camp Fischbach,48.1460929,8.1523213
Trekking Pfalz: Kalmit,49.3150057,8.0821462
Hockenheimring Campingplatz C2,49.3283284,8.5636208
Hockenheimring Campingplatz C3,49.3239537,8.5629607
Trekking Pfalz: Heldenstein,49.2940542,8.0207652
Camping Speyer,49.3374437,8.4438136
Campingplatz am Tamburinsee,49.6872607,8.4017283
Freizeitzone Riedsee,49.8614271,8.4256707
Rettbergsaue Schierstein,50.0361903,8.2062446
Jugendzeltplatz,50.4802586,8.2649217
Altes Kurhaus,50.5806505,8.0330936
Campingplatz an der Krombachtalsperre,50.6158879,8.1408853
Zum Katzenstein,50.5608565,7.9987302
Tipidorf Outdoor Zentrum Lahntal,50.5581774,8.2852913
Männerbadeverein Gießen,50.6072833,8.6692563
Biwakplatz an der Ruipes-Ropes-Hütte,51.2174049,8.568356
Schwalenburg bei Schwalefeld,51.3196193,8.6275642
Ritzhagen bei Willingen,51.296467,8.592242
Büller Höhe bei Usseln,51.278716,8.673929
Wiggeshoff Camping,51.4678291,8.2409657
Trekkingplatz Himmelsnah,51.375715,8.5705127
Trekkingplatz Buttenberg,51.3658598,8.6555379
Trekkingplatz Feuereiche,51.3323541,8.5665162
Jugendzeltplatz,51.8666357,8.6506817
Campingpark Heidekamp,52.0019824,8.1005979
Campingplatz,52.1098353,8.3342732
Campingplatz Kronensse,52.3719445,8.2295871
Leckermeyer-Hannker,52.4978027,8.3575945
Camping & Freizeitplatz Groß Ringmar,52.833042,8.6658809
Melk Hus,53.3155297,8.2301702
Stellplatz,53.3438185,8.4271234
KjG Jugendzeltplatz Langendammsmoor,53.403463,8.5971319
Campingplatz Cappel-Neufeld (Außendeich),53.7650691,8.5358072
Camping-Club,53.4698475,8.4830396
Knaus Campingparks,53.5214391,8.2346532
Hoepkens Hof & Campingplatz,53.4264104,8.2985106
Freizeitcamp Neuwerk,53.9214005,8.5010416
Aktion Sylt,54.9070397,8.3233627
Isele Hof,47.5625821,7.9546381
Jugendzeltplatz Wolfsägerhof,49.1201543,7.6910722
Waldjugendzeltplatz Am Schafberg,49.1789747,7.7430982
Biosphärenerlebniscamp Geiswiese,49.3181362,7.9201424
Trekking Pfalz: Eußerthal,49.254413,7.9500938
Jugendzeltplatz Hollertal,49.2619848,7.6948787
Heilsbach,49.0772022,7.7360676
Trekking Pfalz: Ruine Guttenberg,49.0832587,7.9190543
Zeltplatz Neufeld,49.0755575,7.7098831
Jugendzeltplatz Pfaffendölle,49.1470238,7.7686602
Trekkingcamp Schmidtburg,49.8456702,7.3911895
Trekking Pfalz: Ramsen,49.5362315,7.9912813
Trekking Pfalz: Frankenstein,49.4516299,7.9690763
Trekking Pfalz: Imsbach,49.589166,7.8868499
Jugendzeltplatz Boppard,50.22335,7.58321
Jugendzeltplatz Nothgottes,50.0005709,7.9305263
Trekkingcamp Lauschhütte,49.9949203,7.7692337
Höhenhof,49.9465268,7.5331412
Stellplatz Lamarama,50.251091,7.3937801
Gasthof zum Lahntal,50.3300512,7.9133729
Zeltplatz 1,50.3971841,7.8291226
Zeltplatz 2,50.3974595,7.8308307
Campingplatz Bruchersee,51.0796768,7.5530408
Camping Im Eichenwald,50.780227,7.7996455
Eseloh,51.0935003,7.7730747
Naturcamp Alte Wiese,50.7562307,7.6788166
Sport- und Naturfreunde Dortmund,51.4229681,7.3907175
Grillplatz Kahler Plack,51.4403416,7.3887457
dasparkhotel - hof emscher-auen,51.5856961,7.3564564
"Camping, Hof am Kolk",52.7184914,7.7707377
Anmeldung des Campingplatzes,52.6912516,7.374314
Zeltplatz am Wellenfreibad,52.729021,7.7551295
Campingplatz-Emstal,52.9087236,7.3026061
Nyenhuis,52.5938395,7.7321997
Campingplatz am Idasee,53.154189,7.6435553
Campingplatz Zum Naturpark,52.9425423,7.5806143
Zeltplatz,53.0920193,7.7061849
Rezeption,53.444482,7.3069796
Am Pflanzgarten,49.4890753,7.2699169
Osterbrücken am Dorfgemeinschaftshaus,49.4951752,7.2692334
Trekkingcamp Wolfsheulen,49.769385,7.2386143
Campingplatz Strotzbüscher Mühle,50.1055173,6.9796983
Jugendzeltplatz Bettenfeld,50.0757597,6.7523455
Jugendzeltplatz Dollendorf,50.38965,6.7098558
Rheinschlafen,50.643449,7.2066276
Campingplatz Naturfreunde Leichlingen,51.1075105,6.9910192
Schepers Linde,51.6567419,6.8113442
Sportboothafen Fürst-Leopold,51.6643083,6.9779398
Otto Vorberg Haus-Zeltplatz,51.650704,6.6477794
Grunewald,51.8282002,6.9007431
Camping - Ferienhof Wenker,52.073578,7.1792115
Festplatz Schützenverein Niederesch,52.2115213,7.1691664
Natur-Camp Eifel,49.9397041,6.6257839
Jugendzeltplatz,50.0557677,6.2772389
Freizeitfreunden Rurtal e.V.,50.7275666,6.4648354
Jugendzeltplatz Widdau,50.5632827,6.2988496
Aufwärts!,50.6700571,6.4218431
Feuerland,50.3440712,6.5425484
Jugendgruppenzeltplatz Aachen,50.7261466,6.0384534
Blaue Lagune,51.3808371,6.2694439
Tipidorf,51.197051,6.3362191
Campingplatz Schwalmtal des KCCS e.V.,51.2168109,6.2293672
Schultes Kull,51.4281712,6.512331
Internationaler Pfadfindertreffpunkt Kalkar,51.730407,6.2736936
